customer meet,I am sorry I currently do not have the exact dates but generally the customer meet is scheduled in Q4 every year at the Barclays Center in New York
customer neet,I am sorry I currently do not have the exact dates but generally the customer meet is scheduled in Q4 every year at the Barclays Center in New York
customer meetup,I am sorry I currently do not have the exact dates but generally the customer meet is scheduled in Q4 every year at the Barclays Center in New York
customer event,I am sorry I currently do not have the exact dates but generally the customer meet is scheduled in Q4 every year at the Barclays Center in New York
customer congress,I am sorry I currently do not have the exact dates but generally the customer meet is scheduled in Q4 every year at the Barclays Center in New York
customer conference,I am sorry I currently do not have the exact dates but generally the customer meet is scheduled in Q4 every year at the Barclays Center in New York
Customer meet,I am sorry I currently do not have the exact dates but generally the customer meet is scheduled in Q4 every year at the Barclays Center in New York
Customer neet,I am sorry I currently do not have the exact dates but generally the customer meet is scheduled in Q4 every year at the Barclays Center in New York
Customer meetup,I am sorry I currently do not have the exact dates but generally the customer meet is scheduled in Q4 every year at the Barclays Center in New York
Customer event,I am sorry I currently do not have the exact dates but generally the customer meet is scheduled in Q4 every year at the Barclays Center in New York
Customer congress,I am sorry I currently do not have the exact dates but generally the customer meet is scheduled in Q4 every year at the Barclays Center in New York
Customer conference,I am sorry I currently do not have the exact dates but generally the customer meet is scheduled in Q4 every year at the Barclays Center in New York
customer Meet,I am sorry I currently do not have the exact dates but generally the customer meet is scheduled in Q4 every year at the Barclays Center in New York
customer Neet,I am sorry I currently do not have the exact dates but generally the customer meet is scheduled in Q4 every year at the Barclays Center in New York
customer Meetup,I am sorry I currently do not have the exact dates but generally the customer meet is scheduled in Q4 every year at the Barclays Center in New York
customer Event,I am sorry I currently do not have the exact dates but generally the customer meet is scheduled in Q4 every year at the Barclays Center in New York
customer Congress,I am sorry I currently do not have the exact dates but generally the customer meet is scheduled in Q4 every year at the Barclays Center in New York
customer Conference,I am sorry I currently do not have the exact dates but generally the customer meet is scheduled in Q4 every year at the Barclays Center in New York
Customer Meet,I am sorry I currently do not have the exact dates but generally the customer meet is scheduled in Q4 every year at the Barclays Center in New York
Customer Neet,I am sorry I currently do not have the exact dates but generally the customer meet is scheduled in Q4 every year at the Barclays Center in New York
Customer Meetup,I am sorry I currently do not have the exact dates but generally the customer meet is scheduled in Q4 every year at the Barclays Center in New York
Customer Event,I am sorry I currently do not have the exact dates but generally the customer meet is scheduled in Q4 every year at the Barclays Center in New York
Customer Congress,I am sorry I currently do not have the exact dates but generally the customer meet is scheduled in Q4 every year at the Barclays Center in New York
Customer Conference,I am sorry I currently do not have the exact dates but generally the customer meet is scheduled in Q4 every year at the Barclays Center in New York
vustomer meet,I am sorry I currently do not have the exact dates but generally the customer meet is scheduled in Q4 every year at the Barclays Center in New York
vustomer neet,I am sorry I currently do not have the exact dates but generally the customer meet is scheduled in Q4 every year at the Barclays Center in New York
vustomer meetup,I am sorry I currently do not have the exact dates but generally the customer meet is scheduled in Q4 every year at the Barclays Center in New York
vustomer event,I am sorry I currently do not have the exact dates but generally the customer meet is scheduled in Q4 every year at the Barclays Center in New York
vustomer congress,I am sorry I currently do not have the exact dates but generally the customer meet is scheduled in Q4 every year at the Barclays Center in New York
vustomer conference,I am sorry I currently do not have the exact dates but generally the customer meet is scheduled in Q4 every year at the Barclays Center in New York
Vustomer meet,I am sorry I currently do not have the exact dates but generally the customer meet is scheduled in Q4 every year at the Barclays Center in New York
Vustomer neet,I am sorry I currently do not have the exact dates but generally the customer meet is scheduled in Q4 every year at the Barclays Center in New York
Vustomer meetup,I am sorry I currently do not have the exact dates but generally the customer meet is scheduled in Q4 every year at the Barclays Center in New York
Vustomer event,I am sorry I currently do not have the exact dates but generally the customer meet is scheduled in Q4 every year at the Barclays Center in New York
Vustomer congress,I am sorry I currently do not have the exact dates but generally the customer meet is scheduled in Q4 every year at the Barclays Center in New York
Vustomer conference,I am sorry I currently do not have the exact dates but generally the customer meet is scheduled in Q4 every year at the Barclays Center in New York
vustomer Meet,I am sorry I currently do not have the exact dates but generally the customer meet is scheduled in Q4 every year at the Barclays Center in New York
vustomer Neet,I am sorry I currently do not have the exact dates but generally the customer meet is scheduled in Q4 every year at the Barclays Center in New York
vustomer Meetup,I am sorry I currently do not have the exact dates but generally the customer meet is scheduled in Q4 every year at the Barclays Center in New York
vustomer Event,I am sorry I currently do not have the exact dates but generally the customer meet is scheduled in Q4 every year at the Barclays Center in New York
vustomer Congress,I am sorry I currently do not have the exact dates but generally the customer meet is scheduled in Q4 every year at the Barclays Center in New York
vustomer Conference,I am sorry I currently do not have the exact dates but generally the customer meet is scheduled in Q4 every year at the Barclays Center in New York
Vustomer Meet,I am sorry I currently do not have the exact dates but generally the customer meet is scheduled in Q4 every year at the Barclays Center in New York
Vustomer Neet,I am sorry I currently do not have the exact dates but generally the customer meet is scheduled in Q4 every year at the Barclays Center in New York
Vustomer Meetup,I am sorry I currently do not have the exact dates but generally the customer meet is scheduled in Q4 every year at the Barclays Center in New York
Vustomer Event,I am sorry I currently do not have the exact dates but generally the customer meet is scheduled in Q4 every year at the Barclays Center in New York
Vustomer Congress,I am sorry I currently do not have the exact dates but generally the customer meet is scheduled in Q4 every year at the Barclays Center in New York
Vustomer Conference,I am sorry I currently do not have the exact dates but generally the customer meet is scheduled in Q4 every year at the Barclays Center in New York
xustomer meet,I am sorry I currently do not have the exact dates but generally the customer meet is scheduled in Q4 every year at the Barclays Center in New York
xustomer neet,I am sorry I currently do not have the exact dates but generally the customer meet is scheduled in Q4 every year at the Barclays Center in New York
xustomer meetup,I am sorry I currently do not have the exact dates but generally the customer meet is scheduled in Q4 every year at the Barclays Center in New York
xustomer event,I am sorry I currently do not have the exact dates but generally the customer meet is scheduled in Q4 every year at the Barclays Center in New York
xustomer congress,I am sorry I currently do not have the exact dates but generally the customer meet is scheduled in Q4 every year at the Barclays Center in New York
xustomer conference,I am sorry I currently do not have the exact dates but generally the customer meet is scheduled in Q4 every year at the Barclays Center in New York
Xustomer meet,I am sorry I currently do not have the exact dates but generally the customer meet is scheduled in Q4 every year at the Barclays Center in New York
Xustomer neet,I am sorry I currently do not have the exact dates but generally the customer meet is scheduled in Q4 every year at the Barclays Center in New York
Xustomer meetup,I am sorry I currently do not have the exact dates but generally the customer meet is scheduled in Q4 every year at the Barclays Center in New York
Xustomer event,I am sorry I currently do not have the exact dates but generally the customer meet is scheduled in Q4 every year at the Barclays Center in New York
Xustomer congress,I am sorry I currently do not have the exact dates but generally the customer meet is scheduled in Q4 every year at the Barclays Center in New York
Xustomer conference,I am sorry I currently do not have the exact dates but generally the customer meet is scheduled in Q4 every year at the Barclays Center in New York
xustomer Meet,I am sorry I currently do not have the exact dates but generally the customer meet is scheduled in Q4 every year at the Barclays Center in New York
xustomer Neet,I am sorry I currently do not have the exact dates but generally the customer meet is scheduled in Q4 every year at the Barclays Center in New York
xustomer Meetup,I am sorry I currently do not have the exact dates but generally the customer meet is scheduled in Q4 every year at the Barclays Center in New York
xustomer Event,I am sorry I currently do not have the exact dates but generally the customer meet is scheduled in Q4 every year at the Barclays Center in New York
xustomer Congress,I am sorry I currently do not have the exact dates but generally the customer meet is scheduled in Q4 every year at the Barclays Center in New York
xustomer Conference,I am sorry I currently do not have the exact dates but generally the customer meet is scheduled in Q4 every year at the Barclays Center in New York
Xustomer Meet,I am sorry I currently do not have the exact dates but generally the customer meet is scheduled in Q4 every year at the Barclays Center in New York
Xustomer Neet,I am sorry I currently do not have the exact dates but generally the customer meet is scheduled in Q4 every year at the Barclays Center in New York
Xustomer Meetup,I am sorry I currently do not have the exact dates but generally the customer meet is scheduled in Q4 every year at the Barclays Center in New York
Xustomer Event,I am sorry I currently do not have the exact dates but generally the customer meet is scheduled in Q4 every year at the Barclays Center in New York
Xustomer Congress,I am sorry I currently do not have the exact dates but generally the customer meet is scheduled in Q4 every year at the Barclays Center in New York
Xustomer Conference,I am sorry I currently do not have the exact dates but generally the customer meet is scheduled in Q4 every year at the Barclays Center in New York
cust meet,I am sorry I currently do not have the exact dates but generally the customer meet is scheduled in Q4 every year at the Barclays Center in New York
cust neet,I am sorry I currently do not have the exact dates but generally the customer meet is scheduled in Q4 every year at the Barclays Center in New York
cust meetup,I am sorry I currently do not have the exact dates but generally the customer meet is scheduled in Q4 every year at the Barclays Center in New York
cust event,I am sorry I currently do not have the exact dates but generally the customer meet is scheduled in Q4 every year at the Barclays Center in New York
cust congress,I am sorry I currently do not have the exact dates but generally the customer meet is scheduled in Q4 every year at the Barclays Center in New York
cust conference,I am sorry I currently do not have the exact dates but generally the customer meet is scheduled in Q4 every year at the Barclays Center in New York
Cust meet,I am sorry I currently do not have the exact dates but generally the customer meet is scheduled in Q4 every year at the Barclays Center in New York
Cust neet,I am sorry I currently do not have the exact dates but generally the customer meet is scheduled in Q4 every year at the Barclays Center in New York
Cust meetup,I am sorry I currently do not have the exact dates but generally the customer meet is scheduled in Q4 every year at the Barclays Center in New York
Cust event,I am sorry I currently do not have the exact dates but generally the customer meet is scheduled in Q4 every year at the Barclays Center in New York
Cust congress,I am sorry I currently do not have the exact dates but generally the customer meet is scheduled in Q4 every year at the Barclays Center in New York
Cust conference,I am sorry I currently do not have the exact dates but generally the customer meet is scheduled in Q4 every year at the Barclays Center in New York
cust Meet,I am sorry I currently do not have the exact dates but generally the customer meet is scheduled in Q4 every year at the Barclays Center in New York
cust Neet,I am sorry I currently do not have the exact dates but generally the customer meet is scheduled in Q4 every year at the Barclays Center in New York
cust Meetup,I am sorry I currently do not have the exact dates but generally the customer meet is scheduled in Q4 every year at the Barclays Center in New York
cust Event,I am sorry I currently do not have the exact dates but generally the customer meet is scheduled in Q4 every year at the Barclays Center in New York
cust Congress,I am sorry I currently do not have the exact dates but generally the customer meet is scheduled in Q4 every year at the Barclays Center in New York
cust Conference,I am sorry I currently do not have the exact dates but generally the customer meet is scheduled in Q4 every year at the Barclays Center in New York
Cust Meet,I am sorry I currently do not have the exact dates but generally the customer meet is scheduled in Q4 every year at the Barclays Center in New York
Cust Neet,I am sorry I currently do not have the exact dates but generally the customer meet is scheduled in Q4 every year at the Barclays Center in New York
Cust Meetup,I am sorry I currently do not have the exact dates but generally the customer meet is scheduled in Q4 every year at the Barclays Center in New York
Cust Event,I am sorry I currently do not have the exact dates but generally the customer meet is scheduled in Q4 every year at the Barclays Center in New York
Cust Congress,I am sorry I currently do not have the exact dates but generally the customer meet is scheduled in Q4 every year at the Barclays Center in New York
Cust Conference,I am sorry I currently do not have the exact dates but generally the customer meet is scheduled in Q4 every year at the Barclays Center in New York
custmer meet,I am sorry I currently do not have the exact dates but generally the customer meet is scheduled in Q4 every year at the Barclays Center in New York
custmer neet,I am sorry I currently do not have the exact dates but generally the customer meet is scheduled in Q4 every year at the Barclays Center in New York
custmer meetup,I am sorry I currently do not have the exact dates but generally the customer meet is scheduled in Q4 every year at the Barclays Center in New York
custmer event,I am sorry I currently do not have the exact dates but generally the customer meet is scheduled in Q4 every year at the Barclays Center in New York
custmer congress,I am sorry I currently do not have the exact dates but generally the customer meet is scheduled in Q4 every year at the Barclays Center in New York
custmer conference,I am sorry I currently do not have the exact dates but generally the customer meet is scheduled in Q4 every year at the Barclays Center in New York
Custmer meet,I am sorry I currently do not have the exact dates but generally the customer meet is scheduled in Q4 every year at the Barclays Center in New York
Custmer neet,I am sorry I currently do not have the exact dates but generally the customer meet is scheduled in Q4 every year at the Barclays Center in New York
Custmer meetup,I am sorry I currently do not have the exact dates but generally the customer meet is scheduled in Q4 every year at the Barclays Center in New York
Custmer event,I am sorry I currently do not have the exact dates but generally the customer meet is scheduled in Q4 every year at the Barclays Center in New York
Custmer congress,I am sorry I currently do not have the exact dates but generally the customer meet is scheduled in Q4 every year at the Barclays Center in New York
Custmer conference,I am sorry I currently do not have the exact dates but generally the customer meet is scheduled in Q4 every year at the Barclays Center in New York
custmer Meet,I am sorry I currently do not have the exact dates but generally the customer meet is scheduled in Q4 every year at the Barclays Center in New York
custmer Neet,I am sorry I currently do not have the exact dates but generally the customer meet is scheduled in Q4 every year at the Barclays Center in New York
custmer Meetup,I am sorry I currently do not have the exact dates but generally the customer meet is scheduled in Q4 every year at the Barclays Center in New York
custmer Event,I am sorry I currently do not have the exact dates but generally the customer meet is scheduled in Q4 every year at the Barclays Center in New York
custmer Congress,I am sorry I currently do not have the exact dates but generally the customer meet is scheduled in Q4 every year at the Barclays Center in New York
custmer Conference,I am sorry I currently do not have the exact dates but generally the customer meet is scheduled in Q4 every year at the Barclays Center in New York
Custmer Meet,I am sorry I currently do not have the exact dates but generally the customer meet is scheduled in Q4 every year at the Barclays Center in New York
Custmer Neet,I am sorry I currently do not have the exact dates but generally the customer meet is scheduled in Q4 every year at the Barclays Center in New York
Custmer Meetup,I am sorry I currently do not have the exact dates but generally the customer meet is scheduled in Q4 every year at the Barclays Center in New York
Custmer Event,I am sorry I currently do not have the exact dates but generally the customer meet is scheduled in Q4 every year at the Barclays Center in New York
Custmer Congress,I am sorry I currently do not have the exact dates but generally the customer meet is scheduled in Q4 every year at the Barclays Center in New York
Custmer Conference,I am sorry I currently do not have the exact dates but generally the customer meet is scheduled in Q4 every year at the Barclays Center in New York
customet meet,I am sorry I currently do not have the exact dates but generally the customer meet is scheduled in Q4 every year at the Barclays Center in New York
customet neet,I am sorry I currently do not have the exact dates but generally the customer meet is scheduled in Q4 every year at the Barclays Center in New York
customet meetup,I am sorry I currently do not have the exact dates but generally the customer meet is scheduled in Q4 every year at the Barclays Center in New York
customet event,I am sorry I currently do not have the exact dates but generally the customer meet is scheduled in Q4 every year at the Barclays Center in New York
customet congress,I am sorry I currently do not have the exact dates but generally the customer meet is scheduled in Q4 every year at the Barclays Center in New York
customet conference,I am sorry I currently do not have the exact dates but generally the customer meet is scheduled in Q4 every year at the Barclays Center in New York
Customet meet,I am sorry I currently do not have the exact dates but generally the customer meet is scheduled in Q4 every year at the Barclays Center in New York
Customet neet,I am sorry I currently do not have the exact dates but generally the customer meet is scheduled in Q4 every year at the Barclays Center in New York
Customet meetup,I am sorry I currently do not have the exact dates but generally the customer meet is scheduled in Q4 every year at the Barclays Center in New York
Customet event,I am sorry I currently do not have the exact dates but generally the customer meet is scheduled in Q4 every year at the Barclays Center in New York
Customet congress,I am sorry I currently do not have the exact dates but generally the customer meet is scheduled in Q4 every year at the Barclays Center in New York
Customet conference,I am sorry I currently do not have the exact dates but generally the customer meet is scheduled in Q4 every year at the Barclays Center in New York
customet Meet,I am sorry I currently do not have the exact dates but generally the customer meet is scheduled in Q4 every year at the Barclays Center in New York
customet Neet,I am sorry I currently do not have the exact dates but generally the customer meet is scheduled in Q4 every year at the Barclays Center in New York
customet Meetup,I am sorry I currently do not have the exact dates but generally the customer meet is scheduled in Q4 every year at the Barclays Center in New York
customet Event,I am sorry I currently do not have the exact dates but generally the customer meet is scheduled in Q4 every year at the Barclays Center in New York
customet Congress,I am sorry I currently do not have the exact dates but generally the customer meet is scheduled in Q4 every year at the Barclays Center in New York
customet Conference,I am sorry I currently do not have the exact dates but generally the customer meet is scheduled in Q4 every year at the Barclays Center in New York
Customet Meet,I am sorry I currently do not have the exact dates but generally the customer meet is scheduled in Q4 every year at the Barclays Center in New York
Customet Neet,I am sorry I currently do not have the exact dates but generally the customer meet is scheduled in Q4 every year at the Barclays Center in New York
Customet Meetup,I am sorry I currently do not have the exact dates but generally the customer meet is scheduled in Q4 every year at the Barclays Center in New York
Customet Event,I am sorry I currently do not have the exact dates but generally the customer meet is scheduled in Q4 every year at the Barclays Center in New York
Customet Congress,I am sorry I currently do not have the exact dates but generally the customer meet is scheduled in Q4 every year at the Barclays Center in New York
Customet Conference,I am sorry I currently do not have the exact dates but generally the customer meet is scheduled in Q4 every year at the Barclays Center in New York
customed meet,I am sorry I currently do not have the exact dates but generally the customer meet is scheduled in Q4 every year at the Barclays Center in New York
customed neet,I am sorry I currently do not have the exact dates but generally the customer meet is scheduled in Q4 every year at the Barclays Center in New York
customed meetup,I am sorry I currently do not have the exact dates but generally the customer meet is scheduled in Q4 every year at the Barclays Center in New York
customed event,I am sorry I currently do not have the exact dates but generally the customer meet is scheduled in Q4 every year at the Barclays Center in New York
customed congress,I am sorry I currently do not have the exact dates but generally the customer meet is scheduled in Q4 every year at the Barclays Center in New York
customed conference,I am sorry I currently do not have the exact dates but generally the customer meet is scheduled in Q4 every year at the Barclays Center in New York
Customed meet,I am sorry I currently do not have the exact dates but generally the customer meet is scheduled in Q4 every year at the Barclays Center in New York
Customed neet,I am sorry I currently do not have the exact dates but generally the customer meet is scheduled in Q4 every year at the Barclays Center in New York
Customed meetup,I am sorry I currently do not have the exact dates but generally the customer meet is scheduled in Q4 every year at the Barclays Center in New York
Customed event,I am sorry I currently do not have the exact dates but generally the customer meet is scheduled in Q4 every year at the Barclays Center in New York
Customed congress,I am sorry I currently do not have the exact dates but generally the customer meet is scheduled in Q4 every year at the Barclays Center in New York
Customed conference,I am sorry I currently do not have the exact dates but generally the customer meet is scheduled in Q4 every year at the Barclays Center in New York
customed Meet,I am sorry I currently do not have the exact dates but generally the customer meet is scheduled in Q4 every year at the Barclays Center in New York
customed Neet,I am sorry I currently do not have the exact dates but generally the customer meet is scheduled in Q4 every year at the Barclays Center in New York
customed Meetup,I am sorry I currently do not have the exact dates but generally the customer meet is scheduled in Q4 every year at the Barclays Center in New York
customed Event,I am sorry I currently do not have the exact dates but generally the customer meet is scheduled in Q4 every year at the Barclays Center in New York
customerdCongress,I am sorry I currently do not have the exact dates but generally the customer meet is scheduled in Q4 every year at the Barclays Center in New York
customed Conference,I am sorry I currently do not have the exact dates but generally the customer meet is scheduled in Q4 every year at the Barclays Center in New York
Customed Meet,I am sorry I currently do not have the exact dates but generally the customer meet is scheduled in Q4 every year at the Barclays Center in New York
Customed Neet,I am sorry I currently do not have the exact dates but generally the customer meet is scheduled in Q4 every year at the Barclays Center in New York
Customed Meetup,I am sorry I currently do not have the exact dates but generally the customer meet is scheduled in Q4 every year at the Barclays Center in New York
Customed Event,I am sorry I currently do not have the exact dates but generally the customer meet is scheduled in Q4 every year at the Barclays Center in New York
Customed Congress,I am sorry I currently do not have the exact dates but generally the customer meet is scheduled in Q4 every year at the Barclays Center in New York
Customed Conference,I am sorry I currently do not have the exact dates but generally the customer meet is scheduled in Q4 every year at the Barclays Center in New York
customef meet,I am sorry I currently do not have the exact dates but generally the customer meet is scheduled in Q4 every year at the Barclays Center in New York
customef neet,I am sorry I currently do not have the exact dates but generally the customer meet is scheduled in Q4 every year at the Barclays Center in New York
customef meetup,I am sorry I currently do not have the exact dates but generally the customer meet is scheduled in Q4 every year at the Barclays Center in New York
customef event,I am sorry I currently do not have the exact dates but generally the customer meet is scheduled in Q4 every year at the Barclays Center in New York
customef congress,I am sorry I currently do not have the exact dates but generally the customer meet is scheduled in Q4 every year at the Barclays Center in New York
customef conference,I am sorry I currently do not have the exact dates but generally the customer meet is scheduled in Q4 every year at the Barclays Center in New York
Customef meet,I am sorry I currently do not have the exact dates but generally the customer meet is scheduled in Q4 every year at the Barclays Center in New York
Customef neet,I am sorry I currently do not have the exact dates but generally the customer meet is scheduled in Q4 every year at the Barclays Center in New York
Customef meetup,I am sorry I currently do not have the exact dates but generally the customer meet is scheduled in Q4 every year at the Barclays Center in New York
Customef event,I am sorry I currently do not have the exact dates but generally the customer meet is scheduled in Q4 every year at the Barclays Center in New York
Customef congress,I am sorry I currently do not have the exact dates but generally the customer meet is scheduled in Q4 every year at the Barclays Center in New York
Customef conference,I am sorry I currently do not have the exact dates but generally the customer meet is scheduled in Q4 every year at the Barclays Center in New York
customef Meet,I am sorry I currently do not have the exact dates but generally the customer meet is scheduled in Q4 every year at the Barclays Center in New York
customef Neet,I am sorry I currently do not have the exact dates but generally the customer meet is scheduled in Q4 every year at the Barclays Center in New York
customef Meetup,I am sorry I currently do not have the exact dates but generally the customer meet is scheduled in Q4 every year at the Barclays Center in New York
customef Event,I am sorry I currently do not have the exact dates but generally the customer meet is scheduled in Q4 every year at the Barclays Center in New York
customef Congress,I am sorry I currently do not have the exact dates but generally the customer meet is scheduled in Q4 every year at the Barclays Center in New York
customef Conference,I am sorry I currently do not have the exact dates but generally the customer meet is scheduled in Q4 every year at the Barclays Center in New York
Customef Meet,I am sorry I currently do not have the exact dates but generally the customer meet is scheduled in Q4 every year at the Barclays Center in New York
Customef Neet,I am sorry I currently do not have the exact dates but generally the customer meet is scheduled in Q4 every year at the Barclays Center in New York
Customef Meetup,I am sorry I currently do not have the exact dates but generally the customer meet is scheduled in Q4 every year at the Barclays Center in New York
Customef Event,I am sorry I currently do not have the exact dates but generally the customer meet is scheduled in Q4 every year at the Barclays Center in New York
Customef Congress,I am sorry I currently do not have the exact dates but generally the customer meet is scheduled in Q4 every year at the Barclays Center in New York
Customef Conference,I am sorry I currently do not have the exact dates but generally the customer meet is scheduled in Q4 every year at the Barclays Center in New York
client meet,I am sorry I currently do not have the exact dates but generally the customer meet is scheduled in Q4 every year at the Barclays Center in New York
client neet,I am sorry I currently do not have the exact dates but generally the customer meet is scheduled in Q4 every year at the Barclays Center in New York
client meetup,I am sorry I currently do not have the exact dates but generally the customer meet is scheduled in Q4 every year at the Barclays Center in New York
client event,I am sorry I currently do not have the exact dates but generally the customer meet is scheduled in Q4 every year at the Barclays Center in New York
client congress,I am sorry I currently do not have the exact dates but generally the customer meet is scheduled in Q4 every year at the Barclays Center in New York
client conference,I am sorry I currently do not have the exact dates but generally the customer meet is scheduled in Q4 every year at the Barclays Center in New York
Client meet,I am sorry I currently do not have the exact dates but generally the customer meet is scheduled in Q4 every year at the Barclays Center in New York
Client neet,I am sorry I currently do not have the exact dates but generally the customer meet is scheduled in Q4 every year at the Barclays Center in New York
Client meetup,I am sorry I currently do not have the exact dates but generally the customer meet is scheduled in Q4 every year at the Barclays Center in New York
Client event,I am sorry I currently do not have the exact dates but generally the customer meet is scheduled in Q4 every year at the Barclays Center in New York
Client congress,I am sorry I currently do not have the exact dates but generally the customer meet is scheduled in Q4 every year at the Barclays Center in New York
Client conference,I am sorry I currently do not have the exact dates but generally the customer meet is scheduled in Q4 every year at the Barclays Center in New York
client Meet,I am sorry I currently do not have the exact dates but generally the customer meet is scheduled in Q4 every year at the Barclays Center in New York
client Neet,I am sorry I currently do not have the exact dates but generally the customer meet is scheduled in Q4 every year at the Barclays Center in New York
client Meetup,I am sorry I currently do not have the exact dates but generally the customer meet is scheduled in Q4 every year at the Barclays Center in New York
client Event,I am sorry I currently do not have the exact dates but generally the customer meet is scheduled in Q4 every year at the Barclays Center in New York
client Congress,I am sorry I currently do not have the exact dates but generally the customer meet is scheduled in Q4 every year at the Barclays Center in New York
client Conference,I am sorry I currently do not have the exact dates but generally the customer meet is scheduled in Q4 every year at the Barclays Center in New York
Client Meet,I am sorry I currently do not have the exact dates but generally the customer meet is scheduled in Q4 every year at the Barclays Center in New York
Client Neet,I am sorry I currently do not have the exact dates but generally the customer meet is scheduled in Q4 every year at the Barclays Center in New York
Client Meetup,I am sorry I currently do not have the exact dates but generally the customer meet is scheduled in Q4 every year at the Barclays Center in New York
Client Event,I am sorry I currently do not have the exact dates but generally the customer meet is scheduled in Q4 every year at the Barclays Center in New York
Client Congress,I am sorry I currently do not have the exact dates but generally the customer meet is scheduled in Q4 every year at the Barclays Center in New York
Client Conference,I am sorry I currently do not have the exact dates but generally the customer meet is scheduled in Q4 every year at the Barclays Center in New York
mobile APP,Thank you for enquiring! We are currently in the development stage of our mobile application. Until then please use our web page for all of your needs.
mobile App,Thank you for enquiring! We are currently in the development stage of our mobile application. Until then please use our web page for all of your needs.
mobile Application,Thank you for enquiring! We are currently in the development stage of our mobile application. Until then please use our web page for all of your needs.
mobile Applicatiom,Thank you for enquiring! We are currently in the development stage of our mobile application. Until then please use our web page for all of your needs.
Mobile APP,Thank you for enquiring! We are currently in the development stage of our mobile application. Until then please use our web page for all of your needs.
Mobile App,Thank you for enquiring! We are currently in the development stage of our mobile application. Until then please use our web page for all of your needs.
Mobile Application,Thank you for enquiring! We are currently in the development stage of our mobile application. Until then please use our web page for all of your needs.
Mobile Applicatiom,Thank you for enquiring! We are currently in the development stage of our mobile application. Until then please use our web page for all of your needs.
mobile app,Thank you for enquiring! We are currently in the development stage of our mobile application. Until then please use our web page for all of your needs.
mobile application,Thank you for enquiring! We are currently in the development stage of our mobile application. Until then please use our web page for all of your needs.
mobile applicatiom,Thank you for enquiring! We are currently in the development stage of our mobile application. Until then please use our web page for all of your needs.
Mobile app,Thank you for enquiring! We are currently in the development stage of our mobile application. Until then please use our web page for all of your needs.
Mobile application,Thank you for enquiring! We are currently in the development stage of our mobile application. Until then please use our web page for all of your needs.
Mobile applicatiom,Thank you for enquiring! We are currently in the development stage of our mobile application. Until then please use our web page for all of your needs.
phone APP,Thank you for enquiring! We are currently in the development stage of our mobile application. Until then please use our web page for all of your needs.
phone App,Thank you for enquiring! We are currently in the development stage of our mobile application. Until then please use our web page for all of your needs.
phone Application,Thank you for enquiring! We are currently in the development stage of our mobile application. Until then please use our web page for all of your needs.
phone Applicatiom,Thank you for enquiring! We are currently in the development stage of our mobile application. Until then please use our web page for all of your needs.
Phone APP,Thank you for enquiring! We are currently in the development stage of our mobile application. Until then please use our web page for all of your needs.
Phone App,Thank you for enquiring! We are currently in the development stage of our mobile application. Until then please use our web page for all of your needs.
Phone Application,Thank you for enquiring! We are currently in the development stage of our mobile application. Until then please use our web page for all of your needs.
Phone Applicatiom,Thank you for enquiring! We are currently in the development stage of our mobile application. Until then please use our web page for all of your needs.
phone app,Thank you for enquiring! We are currently in the development stage of our mobile application. Until then please use our web page for all of your needs.
phone application,Thank you for enquiring! We are currently in the development stage of our mobile application. Until then please use our web page for all of your needs.
phone applicatiom,Thank you for enquiring! We are currently in the development stage of our mobile application. Until then please use our web page for all of your needs.
Phone app,Thank you for enquiring! We are currently in the development stage of our mobile application. Until then please use our web page for all of your needs.
Phone application,Thank you for enquiring! We are currently in the development stage of our mobile application. Until then please use our web page for all of your needs.
Phone applicatiom,Thank you for enquiring! We are currently in the development stage of our mobile application. Until then please use our web page for all of your needs.
android APP,Thank you for enquiring! We are currently in the development stage of our mobile application. Until then please use our web page for all of your needs.
android App,Thank you for enquiring! We are currently in the development stage of our mobile application. Until then please use our web page for all of your needs.
android Application,Thank you for enquiring! We are currently in the development stage of our mobile application. Until then please use our web page for all of your needs.
android Applicatiom,Thank you for enquiring! We are currently in the development stage of our mobile application. Until then please use our web page for all of your needs.
Android APP,Thank you for enquiring! We are currently in the development stage of our mobile application. Until then please use our web page for all of your needs.
Android App,Thank you for enquiring! We are currently in the development stage of our mobile application. Until then please use our web page for all of your needs.
Android Application,Thank you for enquiring! We are currently in the development stage of our mobile application. Until then please use our web page for all of your needs.
Android Applicatiom,Thank you for enquiring! We are currently in the development stage of our mobile application. Until then please use our web page for all of your needs.
android app,Thank you for enquiring! We are currently in the development stage of our mobile application. Until then please use our web page for all of your needs.
android application,Thank you for enquiring! We are currently in the development stage of our mobile application. Until then please use our web page for all of your needs.
android applicatiom,Thank you for enquiring! We are currently in the development stage of our mobile application. Until then please use our web page for all of your needs.
Android app,Thank you for enquiring! We are currently in the development stage of our mobile application. Until then please use our web page for all of your needs.
Android application,Thank you for enquiring! We are currently in the development stage of our mobile application. Until then please use our web page for all of your needs.
Android applicatiom,Thank you for enquiring! We are currently in the development stage of our mobile application. Until then please use our web page for all of your needs.
ios APP,Thank you for enquiring! We are currently in the development stage of our mobile application. Until then please use our web page for all of your needs.
ios App,Thank you for enquiring! We are currently in the development stage of our mobile application. Until then please use our web page for all of your needs.
ios Application,Thank you for enquiring! We are currently in the development stage of our mobile application. Until then please use our web page for all of your needs.
ios Applicatiom,Thank you for enquiring! We are currently in the development stage of our mobile application. Until then please use our web page for all of your needs.
IOS APP,Thank you for enquiring! We are currently in the development stage of our mobile application. Until then please use our web page for all of your needs.
IOS App,Thank you for enquiring! We are currently in the development stage of our mobile application. Until then please use our web page for all of your needs.
IOS Application,Thank you for enquiring! We are currently in the development stage of our mobile application. Until then please use our web page for all of your needs.
IOS Applicatiom,Thank you for enquiring! We are currently in the development stage of our mobile application. Until then please use our web page for all of your needs.
ios app,Thank you for enquiring! We are currently in the development stage of our mobile application. Until then please use our web page for all of your needs.
ios application,Thank you for enquiring! We are currently in the development stage of our mobile application. Until then please use our web page for all of your needs.
ios applicatiom,Thank you for enquiring! We are currently in the development stage of our mobile application. Until then please use our web page for all of your needs.
IOS app,Thank you for enquiring! We are currently in the development stage of our mobile application. Until then please use our web page for all of your needs.
IOS application,Thank you for enquiring! We are currently in the development stage of our mobile application. Until then please use our web page for all of your needs.
IOS applicatiom,Thank you for enquiring! We are currently in the development stage of our mobile application. Until then please use our web page for all of your needs.
iOS APP,Thank you for enquiring! We are currently in the development stage of our mobile application. Until then please use our web page for all of your needs.
iOS App,Thank you for enquiring! We are currently in the development stage of our mobile application. Until then please use our web page for all of your needs.
iOS Application,Thank you for enquiring! We are currently in the development stage of our mobile application. Until then please use our web page for all of your needs.
iOS Applicatiom,Thank you for enquiring! We are currently in the development stage of our mobile application. Until then please use our web page for all of your needs.
iOS app,Thank you for enquiring! We are currently in the development stage of our mobile application. Until then please use our web page for all of your needs.
iOS application,Thank you for enquiring! We are currently in the development stage of our mobile application. Until then please use our web page for all of your needs.
iOS applicatiom,Thank you for enquiring! We are currently in the development stage of our mobile application. Until then please use our web page for all of your needs.
windows APP,Thank you for enquiring! We are currently in the development stage of our mobile application. Until then please use our web page for all of your needs.
windows App,Thank you for enquiring! We are currently in the development stage of our mobile application. Until then please use our web page for all of your needs.
windows Application,Thank you for enquiring! We are currently in the development stage of our mobile application. Until then please use our web page for all of your needs.
windows Applicatiom,Thank you for enquiring! We are currently in the development stage of our mobile application. Until then please use our web page for all of your needs.
Windows APP,Thank you for enquiring! We are currently in the development stage of our mobile application. Until then please use our web page for all of your needs.
Windows App,Thank you for enquiring! We are currently in the development stage of our mobile application. Until then please use our web page for all of your needs.
Windows Application,Thank you for enquiring! We are currently in the development stage of our mobile application. Until then please use our web page for all of your needs.
Windows Applicatiom,Thank you for enquiring! We are currently in the development stage of our mobile application. Until then please use our web page for all of your needs.
whindows app,Thank you for enquiring! We are currently in the development stage of our mobile application. Until then please use our web page for all of your needs.
windows application,Thank you for enquiring! We are currently in the development stage of our mobile application. Until then please use our web page for all of your needs.
windows applicatiom,Thank you for enquiring! We are currently in the development stage of our mobile application. Until then please use our web page for all of your needs.
Windows app,Thank you for enquiring! We are currently in the development stage of our mobile application. Until then please use our web page for all of your needs.
Windows application,Thank you for enquiring! We are currently in the development stage of our mobile application. Until then please use our web page for all of your needs.
Windows applicatiom,Thank you for enquiring! We are currently in the development stage of our mobile application. Until then please use our web page for all of your needs.
nobile APP,Thank you for enquiring! We are currently in the development stage of our mobile application. Until then please use our web page for all of your needs.
nobile App,Thank you for enquiring! We are currently in the development stage of our mobile application. Until then please use our web page for all of your needs.
nobile Application,Thank you for enquiring! We are currently in the development stage of our mobile application. Until then please use our web page for all of your needs.
nobile Applicatiom,Thank you for enquiring! We are currently in the development stage of our mobile application. Until then please use our web page for all of your needs.
Nobile APP,Thank you for enquiring! We are currently in the development stage of our mobile application. Until then please use our web page for all of your needs.
Nobile App,Thank you for enquiring! We are currently in the development stage of our mobile application. Until then please use our web page for all of your needs.
Nobile Application,Thank you for enquiring! We are currently in the development stage of our mobile application. Until then please use our web page for all of your needs.
Nobile Applicatiom,Thank you for enquiring! We are currently in the development stage of our mobile application. Until then please use our web page for all of your needs.
nobile app,Thank you for enquiring! We are currently in the development stage of our mobile application. Until then please use our web page for all of your needs.
nobile application,Thank you for enquiring! We are currently in the development stage of our mobile application. Until then please use our web page for all of your needs.
nobile applicatiom,Thank you for enquiring! We are currently in the development stage of our mobile application. Until then please use our web page for all of your needs.
Nobile app,Thank you for enquiring! We are currently in the development stage of our mobile application. Until then please use our web page for all of your needs.
Nobile application,Thank you for enquiring! We are currently in the development stage of our mobile application. Until then please use our web page for all of your needs.
Nobile applicatiom,Thank you for enquiring! We are currently in the development stage of our mobile application. Until then please use our web page for all of your needs.
mobilr APP,Thank you for enquiring! We are currently in the development stage of our mobile application. Until then please use our web page for all of your needs.
mobilr App,Thank you for enquiring! We are currently in the development stage of our mobile application. Until then please use our web page for all of your needs.
mobilr Application,Thank you for enquiring! We are currently in the development stage of our mobile application. Until then please use our web page for all of your needs.
mobilr Applicatiom,Thank you for enquiring! We are currently in the development stage of our mobile application. Until then please use our web page for all of your needs.
Mobilr APP,Thank you for enquiring! We are currently in the development stage of our mobile application. Until then please use our web page for all of your needs.
Mobilr App,Thank you for enquiring! We are currently in the development stage of our mobile application. Until then please use our web page for all of your needs.
Mobilr Application,Thank you for enquiring! We are currently in the development stage of our mobile application. Until then please use our web page for all of your needs.
Mobilr Applicatiom,Thank you for enquiring! We are currently in the development stage of our mobile application. Until then please use our web page for all of your needs.
mobilr app,Thank you for enquiring! We are currently in the development stage of our mobile application. Until then please use our web page for all of your needs.
mobilr application,Thank you for enquiring! We are currently in the development stage of our mobile application. Until then please use our web page for all of your needs.
mobilr applicatiom,Thank you for enquiring! We are currently in the development stage of our mobile application. Until then please use our web page for all of your needs.
Mobilr app,Thank you for enquiring! We are currently in the development stage of our mobile application. Until then please use our web page for all of your needs.
Mobilr application,Thank you for enquiring! We are currently in the development stage of our mobile application. Until then please use our web page for all of your needs.
Mobilr applicatiom,Thank you for enquiring! We are currently in the development stage of our mobile application. Until then please use our web page for all of your needs.
